src_ip,dst_ip,src_port,dst_port,proto,duration,avg_duration,duration_std_dev,percent_std_dev,orig_payload_size,resp_payload_size,payload_ratio,inbound_packets,outbound_packets,avg_periodicity,periodicity_std,ssl_flow_ratio,ssl_tls_ratio
192.168.0.105,224.0.0.251,5353,5353,UDP,79.97763967514038,15.995527935028075,7.997873134816141,0.5000068248639586,0,0,0.0,5,0,6.657304525375366,9.33714155228266,0.0,0.0
192.168.0.102,224.0.0.251,5353,5353,UDP,79.97539496421814,15.995078992843627,7.997634720708209,0.5000059533489293,0,0,0.0,5,0,6.686518271764119,9.387853622387224,0.0,0.0
151.101.156.176,192.168.0.100,443,42274,TCP,77.64668107032776,5.546191505023411,9.389534362659806,1.6929697350254356,0,24,0.0,7,7,5.089676916599274,7.195025164858965,0.07692307692307693,1.0
192.168.0.100,34.211.88.67,443,51430,TCP,29.981322050094604,3.7476652562618256,6.173884366684729,1.6473948297193912,0,0,0.0,4,4,5.6238216161727905,6.255338512908503,0.0,0.0
192.168.0.100,34.211.88.67,443,51422,TCP,29.319557189941406,4.188508169991629,6.459629629910842,1.5422268186536094,0,0,0.0,4,3,6.52467794418335,6.425631543189385,0.0,0.0
192.168.0.106,224.0.0.251,5353,5353,UDP,65.35130548477173,2.1783768494923907,6.9923877433415305,3.209907296329792,0,0,0.0,30,0,4.231931967394693,9.606741725577837,0.0,0.0
104.16.118.116,192.168.0.100,443,58618,TCP,71.36685132980347,6.487895575436679,9.680252301577879,1.4920481054330677,0,0,0.0,5,6,6.762510167227851,6.913349623504253,0.0,0.0
192.168.0.1,192.168.0.100,53,41481,UDP,0.019240379333496094,0.009620189666748047,0.009620189666748047,1.0,0,0,0.0,1,1,0.0,0.0,0.0,0.0
192.168.0.100,44.235.213.133,443,35204,TCP,20.88457441329956,0.24005257946321334,1.007927950720843,4.198779921360112,18892,2280,0.12068600465805632,36,51,0.3803955526912914,1.411387755464193,1.2894736842105263,1.0
192.168.0.1,192.168.0.100,53,35211,UDP,0.00706028938293457,0.003530144691467285,0.003530144691467285,1.0,0,0,0.0,1,1,0.0,0.0,0.0,0.0
192.168.0.1,192.168.0.100,53,55459,UDP,0.007203102111816406,0.003601551055908203,0.003601551055908203,1.0,0,0,0.0,1,1,0.0,0.0,0.0,0.0
104.16.79.73,192.168.0.100,443,39072,TCP,54.25579357147217,1.9377069132668632,6.461282662306109,3.334499463292287,2521,2260,0.8964696548988497,13,15,2.3796885288678684,6.662452280100975,0.5555555555555556,1.0
192.168.0.1,192.168.0.100,53,38580,UDP,0.01093149185180664,0.00546574592590332,0.00546574592590332,1.0,0,0,0.0,1,1,0.0,0.0,0.0,0.0
146.75.117.50,192.168.0.100,443,54968,TCP,54.61200666427612,0.06122422271779834,0.9400431056727341,15.35410437149505,12765,705359,55.25726596161379,513,379,0.11345564903370843,1.308429397249815,0.1291139240506329,0.9705882352941176
192.168.0.1,192.168.0.100,53,49023,UDP,0.01882767677307129,0.009413838386535645,0.009413838386535645,1.0,0,0,0.0,1,1,0.0,0.0,0.0,0.0
192.168.0.1,192.168.0.100,53,58690,UDP,0.019006013870239258,0.009503006935119629,0.009503006935119629,1.0,0,0,0.0,1,1,0.0,0.0,0.0,0.0
192.168.0.1,192.168.0.100,53,39402,UDP,0.003697633743286133,0.0018488168716430664,0.0018488168716430664,1.0,0,0,0.0,1,1,0.0,0.0,0.0,0.0
192.168.0.100,44.240.109.24,443,46532,TCP,54.04235291481018,2.573445376895723,9.181355666836485,3.5677289866986426,1794,3479,1.939241917502787,11,10,3.3722433918400814,9.579937481731424,0.5,1.0
146.75.117.50,192.168.0.100,443,54974,TCP,54.337106704711914,2.089888719411997,6.484743807992115,3.1029134459449295,1849,6362,3.4407787993510004,12,14,2.58957510193189,6.692831273747237,0.23809523809523808,1.0
192.168.0.1,192.168.0.100,53,40228,UDP,0.016432523727416992,0.008216261863708496,0.008216261863708496,1.0,0,0,0.0,1,1,0.0,0.0,0.0,0.0
192.168.0.1,192.168.0.100,53,55688,UDP,0.015373706817626953,0.0076868534088134766,0.0076868534088134766,1.0,0,0,0.0,1,1,0.0,0.0,0.0,0.0
142.250.195.14,192.168.0.100,443,49070,UDP,52.994229793548584,0.4731627660138266,2.822691354150063,5.965582156706682,8712,34093,3.913337924701561,61,51,0.8302398920059204,3.803892706477978,0.0,0.0
192.168.0.1,192.168.0.100,53,48857,UDP,0.013110637664794922,0.006555318832397461,0.006555318832397461,1.0,0,0,0.0,1,1,0.0,0.0,0.0,0.0
192.168.0.1,192.168.0.100,53,35011,UDP,0.0065898895263671875,0.0032949447631835938,0.0032949447631835938,1.0,0,0,0.0,1,1,0.0,0.0,0.0,0.0
192.168.0.100,99.86.114.84,443,40512,TCP,53.15135216712952,1.0847214727985615,4.133760242264057,3.8108955579159245,2927,8213,2.8059446532285617,21,28,2.153833566827977,5.685073823734034,0.96,1.0
142.250.195.14,192.168.0.100,443,59306,TCP,52.98237872123718,1.7660792907079061,6.143599239077949,3.4786655794006736,1895,8795,4.641160949868074,15,15,2.2895653777652316,6.563371056212302,0.15384615384615385,1.0
192.168.0.1,192.168.0.100,53,52188,UDP,0.012865304946899414,0.006432652473449707,0.006432652473449707,1.0,0,0,0.0,1,1,0.0,0.0,0.0,0.0
192.168.0.1,192.168.0.100,53,58434,UDP,0.013051271438598633,0.006525635719299316,0.006525635719299316,1.0,0,0,0.0,1,1,0.0,0.0,0.0,0.0
192.168.0.1,192.168.0.100,53,38967,UDP,0.008536100387573242,0.004268050193786621,0.004268050193786621,1.0,0,0,0.0,1,1,0.0,0.0,0.0,0.0
192.168.0.100,44.236.224.182,443,58204,TCP,53.17900538444519,0.4664825033723262,3.0295505594611685,6.494457000122708,14683,12769,0.8696451678812231,59,55,0.6542788217733572,3.444926143663414,0.9655172413793104,1.0
192.168.0.1,192.168.0.100,53,60282,UDP,0.019484996795654297,0.009742498397827148,0.009742498397827148,1.0,0,0,0.0,1,1,0.0,0.0,0.0,0.0
192.168.0.1,192.168.0.100,53,36036,UDP,0.018300294876098633,0.009150147438049316,0.009150147438049316,1.0,0,0,0.0,1,1,0.0,0.0,0.0,0.0
192.168.0.1,192.168.0.100,53,59477,UDP,0.01645183563232422,0.00822591781616211,0.00822591781616211,1.0,0,0,0.0,1,1,0.0,0.0,0.0,0.0
192.168.0.1,192.168.0.100,53,36043,UDP,0.015087366104125977,0.007543683052062988,0.007543683052062988,1.0,0,0,0.0,1,1,0.0,0.0,0.0,0.0
192.168.0.1,192.168.0.100,53,46160,UDP,0.008937597274780273,0.004468798637390137,0.004468798637390137,1.0,0,0,0.0,1,1,0.0,0.0,0.0,0.0
192.168.0.1,192.168.0.100,53,46227,UDP,0.009985685348510742,0.004992842674255371,0.004992842674255371,1.0,0,0,0.0,1,1,0.0,0.0,0.0,0.0
192.168.0.100,3.6.136.140,443,33060,TCP,52.80041456222534,0.2490585592557799,2.066006002531711,8.295262000652423,2952,108619,36.795054200542005,111,101,0.49899308419113525,2.910299351358088,0.4421768707482993,1.0
192.168.0.100,193.110.128.197,443,51192,TCP,1.8658688068389893,0.09329344034194946,0.135057728299817,1.4476658573720558,2061,3487,1.6918971373119844,9,11,0.12740506066216362,0.1344035680969788,0.17647058823529413,1.0
192.168.0.100,44.236.224.182,443,58212,TCP,52.938294887542725,1.9606775884275083,6.287842159815843,3.2069740567896137,1800,5145,2.8583333333333334,13,14,2.490776710510254,6.643881782503944,0.2857142857142857,1.0
192.168.0.1,192.168.0.100,53,51409,UDP,0.01119232177734375,0.005596160888671875,0.005596160888671875,1.0,0,0,0.0,1,1,0.0,0.0,0.0,0.0
192.168.0.1,192.168.0.100,53,50467,UDP,0.009336471557617188,0.004668235778808594,0.004668235778808594,1.0,0,0,0.0,1,1,0.0,0.0,0.0,0.0
18.165.201.77,192.168.0.100,443,42844,TCP,52.73742055892944,0.0453850435102663,0.8388433364400987,18.482814415510003,14225,885375,62.24077328646749,630,532,0.0879631195498464,1.1815191174555588,0.09622641509433963,0.9019607843137255
192.168.0.100,99.86.114.84,443,40516,TCP,52.612346172332764,0.07935497160231186,1.128692144256531,14.223332470118969,2977,498911,167.58851192475646,356,307,0.14974044022148927,1.5736674259929377,0.05405405405405406,0.7352941176470589
192.168.0.1,192.168.0.100,53,40918,UDP,0.010597467422485352,0.005298733711242676,0.005298733711242676,1.0,0,0,0.0,1,1,0.0,0.0,0.0,0.0
192.168.0.1,192.168.0.100,53,45375,UDP,0.010714530944824219,0.005357265472412109,0.005357265472412109,1.0,0,0,0.0,1,1,0.0,0.0,0.0,0.0
192.168.0.1,192.168.0.100,53,37532,UDP,0.010230064392089844,0.005115032196044922,0.005115032196044922,1.0,0,0,0.0,1,1,0.0,0.0,0.0,0.0
18.245.143.33,192.168.0.100,443,43812,TCP,52.60086798667908,1.421645080721056,5.469960994845418,3.8476277018952314,2604,7104,2.728110599078341,17,20,1.7646216256277902,5.736769840216907,0.5416666666666666,1.0
192.168.0.1,192.168.0.100,53,53555,UDP,0.011846065521240234,0.005923032760620117,0.005923032760620117,1.0,0,0,0.0,1,1,0.0,0.0,0.0,0.0
192.168.0.1,192.168.0.100,53,53066,UDP,0.013112306594848633,0.006556153297424316,0.006556153297424316,1.0,0,0,0.0,1,1,0.0,0.0,0.0,0.0
163.70.146.35,192.168.0.100,443,38095,UDP,0.32965564727783203,0.014984347603537819,0.04752663294907642,3.171751897817382,3385,6568,1.9403249630723782,12,10,0.030330920219421388,0.06655411924179952,0.0,0.0
18.165.201.77,192.168.0.100,443,42852,TCP,0.17418384552001953,0.05806128184000651,0.08200048375579026,1.4123092215178876,0,0,0.0,1,2,0.000156402587890625,0.0,0.0,0.0
18.165.201.77,192.168.0.100,443,42860,TCP,0.172562837600708,0.05752094586690267,0.08122352704229432,1.4120686963360598,0,0,0.0,1,2,0.00017452239990234375,0.0,0.0,0.0
192.168.0.1,192.168.0.100,53,47350,UDP,0.005518198013305664,0.002759099006652832,0.002759099006652832,1.0,0,0,0.0,1,1,0.0,0.0,0.0,0.0
18.165.227.62,192.168.0.100,443,45848,TCP,52.36051106452942,0.19392781875751636,1.718783944188494,8.863008696744167,5641,160740,28.494947704307748,140,130,0.36606941561200723,2.400357011111536,0.27358490566037735,0.9655172413793104
18.245.143.33,192.168.0.100,443,43828,TCP,0.1767270565032959,0.05890901883443197,0.08311562788253697,1.4109151625176344,0,0,0.0,1,2,0.00027489662170410156,0.0,0.0,0.0
192.168.0.1,192.168.0.100,53,36121,UDP,0.014789581298828125,0.0073947906494140625,0.0073947906494140625,1.0,0,0,0.0,1,1,0.0,0.0,0.0,0.0
192.168.0.1,192.168.0.100,53,60092,UDP,0.00812983512878418,0.00406491756439209,0.00406491756439209,1.0,0,0,0.0,1,1,0.0,0.0,0.0,0.0
192.168.0.1,192.168.0.100,53,43820,UDP,0.01830601692199707,0.009153008460998535,0.009153008460998535,1.0,0,0,0.0,1,1,0.0,0.0,0.0,0.0
192.168.0.1,192.168.0.100,53,54680,UDP,0.016396284103393555,0.008198142051696777,0.008198142051696777,1.0,0,0,0.0,1,1,0.0,0.0,0.0,0.0
192.168.0.1,192.168.0.100,53,38166,UDP,0.016088485717773438,0.008044242858886719,0.008044242858886719,1.0,0,0,0.0,1,1,0.0,0.0,0.0,0.0
104.16.143.111,192.168.0.100,443,37616,UDP,51.822789907455444,0.34093940728589106,2.285873300815544,6.704632119274935,26287,65168,2.479096131167497,74,78,0.6126034563819834,3.0996710131505494,0.0,0.0
18.165.227.62,192.168.0.100,443,45852,TCP,51.83319401741028,0.5823954383978683,3.806313520899572,6.5356169879532215,2657,50539,19.021076401957096,48,41,1.1719415270048996,5.331030209973873,0.2191780821917808,1.0
192.168.0.100,193.110.128.197,443,51196,TCP,0.7541019916534424,0.053864427975245883,0.10190931933146917,1.8919595577679384,1740,3487,2.004022988505747,6,8,0.08284183343251546,0.11612046820274877,0.2727272727272727,1.0
192.168.0.1,192.168.0.100,53,35830,UDP,0.01148676872253418,0.00574338436126709,0.00574338436126709,1.0,0,0,0.0,1,1,0.0,0.0,0.0,0.0
192.168.0.1,192.168.0.100,53,33900,UDP,0.007685184478759766,0.003842592239379883,0.003842592239379883,1.0,0,0,0.0,1,1,0.0,0.0,0.0,0.0
104.18.160.126,192.168.0.100,443,41271,UDP,50.96783781051636,0.5200799776583301,2.785987644606133,5.356844647529202,43538,19889,0.4568193302402499,41,57,0.923537423213323,3.7304447063051183,0.0,0.0
104.18.160.126,192.168.0.100,443,35173,UDP,50.96727275848389,0.44708133998670074,2.7558130513139227,6.164008212456149,15595,51454,3.299390830394357,57,57,0.7981475439938632,3.713023912247636,0.0,0.0
192.168.0.1,192.168.0.100,53,57336,UDP,0.010630130767822266,0.005315065383911133,0.005315065383911133,1.0,0,0,0.0,1,1,0.0,0.0,0.0,0.0
192.168.0.1,192.168.0.100,53,36713,UDP,0.013090372085571289,0.0065451860427856445,0.0065451860427856445,1.0,0,0,0.0,1,1,0.0,0.0,0.0,0.0
192.168.0.1,192.168.0.100,53,39041,UDP,0.013437986373901367,0.006718993186950684,0.006718993186950684,1.0,0,0,0.0,1,1,0.0,0.0,0.0,0.0
133.237.180.69,192.168.0.100,443,44234,TCP,47.219807386398315,1.4309032541332822,5.804923937452201,4.056824890630585,2513,5532,2.2013529645841623,15,18,1.9895891912521855,6.308377706902208,0.5714285714285714,1.0
192.168.0.1,192.168.0.100,53,35342,UDP,2.902254343032837,0.7255635857582092,1.246833837395106,1.7184349681663982,0,0,0.0,2,2,1.4419175386428833,1.4340020418167114,0.0,0.0
192.168.0.1,192.168.0.100,53,41787,UDP,0.020463228225708008,0.010231614112854004,0.010231614112854004,1.0,0,0,0.0,1,1,0.0,0.0,0.0,0.0
124.41.245.157,192.168.0.100,443,40284,TCP,46.56460762023926,0.07119970584134443,0.46308835609885507,6.504076816423415,32368,305528,9.439199209095403,369,285,0.12350506811920778,0.5927298619426621,0.5759036144578313,0.9874476987447699
192.168.0.1,192.168.0.100,53,44919,UDP,0.1821606159210205,0.09108030796051025,0.09108030796051025,1.0,0,0,0.0,1,1,0.0,0.0,0.0,0.0
192.168.0.1,192.168.0.100,53,52805,UDP,0.01988840103149414,0.00994420051574707,0.00994420051574707,1.0,0,0,0.0,1,1,0.0,0.0,0.0,0.0
192.168.0.1,192.168.0.100,53,38862,UDP,0.17798686027526855,0.08899343013763428,0.08899343013763428,1.0,0,0,0.0,1,1,0.0,0.0,0.0,0.0
151.101.158.63,192.168.0.100,443,33848,TCP,0.19698095321655273,0.008207539717356363,0.019440206094914918,2.3685789852231847,1751,6299,3.597372929754426,11,13,0.012646642598238859,0.021234864879826686,0.14285714285714285,1.0
151.101.158.63,192.168.0.100,443,33862,TCP,0.19585084915161133,0.009792542457580567,0.02087618699384641,2.1318454409851255,1815,6299,3.4705234159779614,9,11,0.015295624732971191,0.022651944388595403,0.17647058823529413,1.0
151.101.158.63,192.168.0.100,443,33868,TCP,0.19359397888183594,0.010189156783254523,0.021214276914994987,2.0820444091958437,1751,6299,3.597372929754426,9,10,0.01601878334494198,0.02291199697318621,0.1875,1.0
151.101.158.63,192.168.0.100,443,33874,TCP,44.77605080604553,0.016688800151340118,0.29540179067708355,17.700600881925155,31671,2473345,78.09494490227652,1604,1079,0.031804130537657356,0.4142558984889715,0.11051324503311258,0.947565543071161
151.101.158.63,192.168.0.100,443,33886,TCP,0.18412017822265625,0.009206008911132813,0.02130645477117424,2.3144073590248624,1879,6299,3.3523150612027672,10,10,0.01735270724577062,0.026590777289107144,0.25,1.0
151.101.158.63,192.168.0.100,443,33900,TCP,0.19700837135314941,0.008565581363180409,0.019402097477604116,2.265123247909947,1719,6299,3.6643397324025595,11,12,0.012510265622820173,0.020882007355208617,0.15,1.0
192.168.0.1,192.168.0.100,53,56623,UDP,0.014798402786254883,0.007399201393127441,0.007399201393127441,1.0,0,0,0.0,1,1,0.0,0.0,0.0,0.0
192.168.0.1,192.168.0.100,53,49390,UDP,0.014940977096557617,0.007470488548278809,0.007470488548278809,1.0,0,0,0.0,1,1,0.0,0.0,0.0,0.0
192.168.0.1,192.168.0.100,53,52656,UDP,0.013129949569702148,0.006564974784851074,0.006564974784851074,1.0,0,0,0.0,1,1,0.0,0.0,0.0,0.0
192.168.0.1,192.168.0.100,53,52703,UDP,0.009871244430541992,0.004935622215270996,0.004935622215270996,1.0,0,0,0.0,1,1,0.0,0.0,0.0,0.0
192.168.0.1,192.168.0.100,53,39044,UDP,0.010587930679321289,0.0052939653396606445,0.0052939653396606445,1.0,0,0,0.0,1,1,0.0,0.0,0.0,0.0
192.168.0.1,192.168.0.100,53,53117,UDP,0.01624011993408203,0.008120059967041016,0.008120059967041016,1.0,0,0,0.0,1,1,0.0,0.0,0.0,0.0
192.168.0.1,192.168.0.100,53,52385,UDP,0.016376256942749023,0.008188128471374512,0.008188128471374512,1.0,0,0,0.0,1,1,0.0,0.0,0.0,0.0
192.168.0.1,192.168.0.100,53,49768,UDP,0.09970998764038086,0.04985499382019043,0.04985499382019043,1.0,0,0,0.0,1,1,0.0,0.0,0.0,0.0
192.168.0.1,192.168.0.100,53,34074,UDP,0.06972694396972656,0.03486347198486328,0.03486347198486328,1.0,0,0,0.0,1,1,0.0,0.0,0.0,0.0
192.168.0.1,192.168.0.100,53,39255,UDP,0.21496152877807617,0.10748076438903809,0.10748076438903809,1.0,0,0,0.0,1,1,0.0,0.0,0.0,0.0
103.211.149.139,192.168.0.100,443,41602,TCP,43.711299657821655,0.6071013841364119,3.8739025528096236,6.380981256236407,4782,40515,8.472396486825597,41,31,0.8830943414143153,4.433700740567367,0.38461538461538464,1.0
124.41.245.26,192.168.0.100,443,39986,TCP,43.71193242073059,0.0198330001908941,0.4271425990370848,21.536963390601805,14199,2506528,176.52848792168462,1361,843,0.03960375060491702,0.6065498595416712,0.07669760625305325,0.8662420382165605
192.168.0.1,192.168.0.100,53,49141,UDP,0.009027719497680664,0.004513859748840332,0.004513859748840332,1.0,0,0,0.0,1,1,0.0,0.0,0.0,0.0
124.41.245.151,192.168.0.100,443,42700,TCP,43.70162558555603,0.0071314663161808145,0.14786734015785935,20.734493244728416,42897,5709290,133.09299018579387,3602,2526,0.013320544939853277,0.20905645302861878,0.18209876543209877,0.9565677966101694
192.168.0.1,192.168.0.100,53,56909,UDP,0.012135028839111328,0.006067514419555664,0.006067514419555664,1.0,0,0,0.0,1,1,0.0,0.0,0.0,0.0
192.168.0.1,192.168.0.100,53,34349,UDP,1.1101772785186768,0.2775443196296692,0.3673588255740071,1.323604194328958,0,0,0.0,2,2,0.5357557535171509,0.34321701526641846,0.0,0.0
192.168.0.1,192.168.0.100,53,37979,UDP,0.007931947708129883,0.003965973854064941,0.003965973854064941,1.0,0,0,0.0,1,1,0.0,0.0,0.0,0.0
103.211.149.137,192.168.0.100,443,35388,TCP,0.05936408042907715,0.004566467725313627,0.006410677386372386,1.4038591252568413,2138,3815,1.784377923292797,5,8,0.004864085804332386,0.0060365946310064885,0.18181818181818182,1.0
103.211.149.137,192.168.0.100,443,35396,TCP,43.65738892555237,0.023408787627642022,0.450876049072578,19.260973966040247,23436,977902,41.726489161973035,995,870,0.04576110942999436,0.6384320724134692,0.5438741721854304,0.9908675799086758
103.211.149.137,192.168.0.100,443,35410,TCP,0.09032797813415527,0.008211634375832298,0.012820181797443764,1.5612217021224062,1372,2800,2.0408163265306123,6,5,0.010346677568223741,0.011249121473163608,0.375,1.0
103.211.149.137,192.168.0.100,443,35414,TCP,0.08147239685058594,0.01163891383579799,0.010486335186457231,0.9009719750827817,2202,2776,1.2606721162579473,3,4,0.012767267227172852,0.002322193354304214,0.4,1.0
103.211.149.137,192.168.0.100,443,35418,TCP,0.0895700454711914,0.006890003497783954,0.011677454571991965,1.6948401514959763,0,3838,0.0,6,7,0.008593580939553001,0.009343483062340917,0.18181818181818182,1.0
103.211.149.137,192.168.0.100,443,35420,TCP,0.10033226013183594,0.005901897654813879,0.010304063146779018,1.7458898390714241,1723,3838,2.227510156703424,8,9,0.007870992024739584,0.009037222920748164,0.21428571428571427,1.0
151.101.158.63,192.168.0.100,443,60698,TCP,43.66706705093384,0.3465640242137606,2.895563808453736,8.355061709081935,2754,87994,31.95134350036311,70,56,0.5138577261278706,3.3623688047647917,0.68,0.9803921568627451
192.168.0.1,192.168.0.100,53,34331,UDP,0.05040454864501953,0.025202274322509766,0.025202274322509766,1.0,0,0,0.0,1,1,0.0,0.0,0.0,0.0
192.168.0.1,192.168.0.100,53,38835,UDP,0.05144858360290527,0.025724291801452637,0.025724291801452637,1.0,0,0,0.0,1,1,0.0,0.0,0.0,0.0
192.168.0.1,192.168.0.100,53,57234,UDP,0.051679372787475586,0.025839686393737793,0.025839686393737793,1.0,0,0,0.0,1,1,0.0,0.0,0.0,0.0
192.168.0.1,192.168.0.100,53,54692,UDP,0.05188274383544922,0.02594137191772461,0.02594137191772461,1.0,0,0,0.0,1,1,0.0,0.0,0.0,0.0
192.168.0.1,192.168.0.100,53,44784,UDP,0.021042346954345703,0.010521173477172852,0.010521173477172852,1.0,0,0,0.0,1,1,0.0,0.0,0.0,0.0
192.168.0.1,192.168.0.100,53,39342,UDP,0.02110886573791504,0.01055443286895752,0.01055443286895752,1.0,0,0,0.0,1,1,0.0,0.0,0.0,0.0
104.109.3.117,192.168.0.100,443,45938,TCP,43.56494402885437,0.7026603875621673,3.238774246685106,4.609302451105596,7256,6377,0.878858875413451,31,31,1.4331514557202658,4.532953397059355,0.7222222222222222,1.0
192.168.0.1,192.168.0.100,53,42340,UDP,0.31261229515075684,0.15630614757537842,0.15630614757537842,1.0,0,0,0.0,1,1,0.0,0.0,0.0,0.0
133.237.72.3,192.168.0.100,443,38202,TCP,0.9251513481140137,0.0385479728380839,0.07460823385051184,1.9354645227103044,3798,4208,1.1079515534491837,12,12,0.07525558905168013,0.09018229349023879,0.4117647058823529,1.0
133.237.63.235,192.168.0.100,443,57286,TCP,41.36609673500061,1.4264171287931244,5.716024107954557,4.007259862892155,5868,4278,0.7290388548057259,14,15,2.3065159674044007,6.854940761581048,0.38095238095238093,1.0
133.237.63.235,192.168.0.100,443,57288,TCP,43.66264200210571,1.5593800715037756,5.994132413310437,3.8439201082838284,3755,3900,1.0386151797603196,14,14,2.3840035566916833,6.900035751152256,0.2727272727272727,1.0
192.168.0.1,192.168.0.100,53,41943,UDP,0.005749702453613281,0.0028748512268066406,0.0028748512268066406,1.0,0,0,0.0,1,1,0.0,0.0,0.0,0.0
192.168.0.1,192.168.0.100,53,56454,UDP,0.005915641784667969,0.0029578208923339844,0.0029578208923339844,1.0,0,0,0.0,1,1,0.0,0.0,0.0,0.0
192.168.0.1,192.168.0.100,53,50218,UDP,0.3226041793823242,0.1613020896911621,0.1613020896911621,1.0,0,0,0.0,1,1,0.0,0.0,0.0,0.0
133.237.109.68,192.168.0.100,443,48372,TCP,43.62852478027344,1.3220765084931345,5.553018718692443,4.200224936317503,3467,5756,1.6602249783674647,16,17,1.9881076274379608,6.354973966591491,0.5,1.0
192.168.0.1,192.168.0.100,53,53826,UDP,0.0,0.0,0.0,0.0,0,0,0.0,1,0,0.0,0.0,0.0,0.0
192.168.0.1,192.168.0.100,53,43569,UDP,0.010981321334838867,0.005490660667419434,0.005490660667419434,1.0,0,0,0.0,1,1,0.0,0.0,0.0,0.0
192.168.0.1,192.168.0.100,53,35390,UDP,0.011093854904174805,0.005546927452087402,0.005546927452087402,1.0,0,0,0.0,1,1,0.0,0.0,0.0,0.0
192.168.0.100,34.160.248.52,443,41882,TCP,43.31226873397827,0.40478755826147916,3.0537553080181628,7.544093798568629,4809,60352,12.549802453732585,61,46,0.7212370917910621,3.9705817663007377,0.4861111111111111,0.9428571428571428
192.168.0.1,192.168.0.100,53,34740,UDP,0.009525299072265625,0.0047626495361328125,0.0047626495361328125,1.0,0,0,0.0,1,1,0.0,0.0,0.0,0.0
192.168.0.1,192.168.0.100,53,48584,UDP,0.009680509567260742,0.004840254783630371,0.004840254783630371,1.0,0,0,0.0,1,1,0.0,0.0,0.0,0.0
192.168.0.1,192.168.0.100,53,48505,UDP,0.32019615173339844,0.16009807586669922,0.16009807586669922,1.0,0,0,0.0,1,1,0.0,0.0,0.0,0.0
133.237.105.235,192.168.0.100,443,47632,TCP,43.39989686012268,1.2399970531463622,5.3894975228035635,4.3463792991509775,3486,8740,2.5071715433161215,17,18,1.8666343761212898,6.186604374271628,0.4,1.0
192.168.0.1,192.168.0.100,53,49761,UDP,0.0026247501373291016,0.0013123750686645508,0.0013123750686645508,1.0,0,0,0.0,1,1,0.0,0.0,0.0,0.0
192.168.0.1,192.168.0.100,53,42884,UDP,0.003405332565307617,0.0017026662826538086,0.0017026662826538086,1.0,0,0,0.0,1,1,0.0,0.0,0.0,0.0
192.168.0.100,34.110.149.178,443,44732,TCP,0.09130454063415527,0.005072474479675293,0.010698826074798641,2.109192686462468,1829,3457,1.890103881902679,8,10,0.007237598299980164,0.011867519332671553,0.125,1.0
192.168.0.100,34.110.149.178,443,44742,TCP,42.9811224937439,0.767520044531141,4.1909424778802595,5.460368765274922,5808,4805,0.8273071625344353,28,28,1.396645877096388,5.466721033166835,0.696969696969697,1.0
192.168.0.1,192.168.0.100,53,39060,UDP,0.008030414581298828,0.004015207290649414,0.004015207290649414,1.0,0,0,0.0,1,1,0.0,0.0,0.0,0.0
192.168.0.1,192.168.0.100,53,54400,UDP,0.003985404968261719,0.0019927024841308594,0.0019927024841308594,1.0,0,0,0.0,1,1,0.0,0.0,0.0,0.0
192.168.0.1,192.168.0.100,53,60531,UDP,0.004219532012939453,0.0021097660064697266,0.0021097660064697266,1.0,0,0,0.0,1,1,0.0,0.0,0.0,0.0
192.168.0.1,192.168.0.100,53,37154,UDP,0.008794307708740234,0.004397153854370117,0.004397153854370117,1.0,0,0,0.0,1,1,0.0,0.0,0.0,0.0
192.168.0.1,192.168.0.100,53,54823,UDP,0.009042978286743164,0.004521489143371582,0.004521489143371582,1.0,0,0,0.0,1,1,0.0,0.0,0.0,0.0
133.237.105.80,192.168.0.100,443,34120,TCP,42.90000605583191,1.3406251892447472,5.606695429342996,4.182149846447072,3425,6174,1.8026277372262773,14,18,2.1289690116356157,6.603010379200643,0.5238095238095238,1.0
192.168.0.1,192.168.0.100,53,49147,UDP,0.39425039291381836,0.19712519645690918,0.19712519645690918,1.0,0,0,0.0,1,1,0.0,0.0,0.0,0.0
192.168.0.1,192.168.0.100,53,48149,UDP,0.01177525520324707,0.005887627601623535,0.005887627601623535,1.0,0,0,0.0,1,1,0.0,0.0,0.0,0.0
192.168.0.1,192.168.0.100,53,59483,UDP,0.011957645416259766,0.005978822708129883,0.005978822708129883,1.0,0,0,0.0,1,1,0.0,0.0,0.0,0.0
133.237.176.200,192.168.0.100,443,59190,TCP,42.98581790924072,1.1617788624119114,5.217713183134625,4.491141431427311,3448,11003,3.191125290023202,19,18,1.7562490940093993,6.009680322583337,0.37037037037037035,1.0
192.168.0.1,192.168.0.100,53,46174,UDP,0.7307429313659668,0.3653714656829834,0.3653714656829834,1.0,0,0,0.0,1,1,0.0,0.0,0.0,0.0
133.237.161.20,192.168.0.100,443,51536,TCP,0.4825785160064697,0.030161157250404358,0.06098757338440198,2.0220568089635997,1765,4539,2.571671388101983,7,9,0.04466390609741211,0.06786445337744693,0.14285714285714285,1.0
133.237.161.20,192.168.0.100,443,51542,TCP,0.32027721405029297,0.02001732587814331,0.051813396747522035,2.588427498405094,1797,4539,2.5258764607679467,7,9,0.03372725418635777,0.06310498022135842,0.14285714285714285,1.0
133.237.161.20,192.168.0.100,443,51552,TCP,42.873666524887085,0.9970620122066763,4.8696432234867,4.883992333344754,3934,14451,3.6733604473818,22,21,1.5441885471343995,5.689755731200095,0.43333333333333335,1.0
133.237.161.20,192.168.0.100,443,51566,TCP,0.3185842037200928,0.022756014551435198,0.05486192591348472,2.410875849524566,1733,4539,2.6191575302942876,6,8,0.03886725505193075,0.06630169248183336,0.16666666666666666,1.0
192.168.0.1,192.168.0.100,53,33906,UDP,0.011242389678955078,0.005621194839477539,0.005621194839477539,1.0,0,0,0.0,1,1,0.0,0.0,0.0,0.0
192.168.0.1,192.168.0.100,53,41766,UDP,0.011295080184936523,0.005647540092468262,0.005647540092468262,1.0,0,0,0.0,1,1,0.0,0.0,0.0,0.0
192.168.0.100,34.111.214.144,443,35470,TCP,42.73354244232178,1.0957318574954302,5.149738886349806,4.699816703441319,3772,5447,1.4440615058324495,20,19,1.6710205400312268,6.013526540800511,0.5,1.0
192.168.0.1,192.168.0.100,53,32904,UDP,0.013860464096069336,0.006930232048034668,0.006930232048034668,1.0,0,0,0.0,1,1,0.0,0.0,0.0,0.0
192.168.0.1,192.168.0.100,53,49345,UDP,0.014901399612426758,0.007450699806213379,0.007450699806213379,1.0,0,0,0.0,1,1,0.0,0.0,0.0,0.0
192.168.0.1,192.168.0.100,53,49452,UDP,0.1597449779510498,0.0798724889755249,0.0798724889755249,1.0,0,0,0.0,1,1,0.0,0.0,0.0,0.0
192.168.0.1,192.168.0.100,53,46211,UDP,0.017870426177978516,0.008935213088989258,0.008935213088989258,1.0,0,0,0.0,1,1,0.0,0.0,0.0,0.0
133.237.69.27,192.168.0.100,443,55870,TCP,42.74109077453613,0.7915016810099283,4.356134161442066,5.503632229667272,3489,25529,7.316996274004013,28,26,1.1921501939113324,5.068602882628449,0.3170731707317073,0.9230769230769231
192.168.0.1,192.168.0.100,53,33918,UDP,0.013330459594726562,0.006665229797363281,0.006665229797363281,1.0,0,0,0.0,1,1,0.0,0.0,0.0,0.0
192.168.0.1,192.168.0.100,53,57563,UDP,0.0,0.0,0.0,0.0,0,0,0.0,1,0,0.0,0.0,0.0,0.0
192.168.0.1,192.168.0.100,53,51414,UDP,0.006433010101318359,0.0032165050506591797,0.0032165050506591797,1.0,0,0,0.0,1,1,0.0,0.0,0.0,0.0
192.168.0.1,192.168.0.100,53,59120,UDP,0.0027718544006347656,0.0013859272003173828,0.0013859272003173828,1.0,0,0,0.0,1,1,0.0,0.0,0.0,0.0
192.168.0.1,192.168.0.100,53,46476,UDP,0.0028429031372070312,0.0014214515686035156,0.0014214515686035156,1.0,0,0,0.0,1,1,0.0,0.0,0.0,0.0
124.41.244.202,192.168.0.100,443,54320,TCP,41.88198447227478,1.1319455262776967,4.433841994285592,3.9170100427587635,10937,8456,0.7731553442443083,19,18,2.2315188884735107,6.038256949370759,0.4230769230769231,1.0
192.168.0.1,192.168.0.100,53,51281,UDP,0.007837772369384766,0.003918886184692383,0.003918886184692383,1.0,0,0,0.0,1,1,0.0,0.0,0.0,0.0
133.237.69.56,192.168.0.100,443,38684,TCP,42.01346468925476,1.200384705407279,5.320488326639653,4.432319324523935,4152,5946,1.4320809248554913,17,18,1.8684700546842632,6.252299665868325,0.4583333333333333,1.0
192.168.0.1,192.168.0.100,53,52453,UDP,0.014154195785522461,0.0070770978927612305,0.0070770978927612305,1.0,0,0,0.0,1,1,0.0,0.0,0.0,0.0
192.168.0.1,192.168.0.100,53,34016,UDP,0.014493465423583984,0.007246732711791992,0.007246732711791992,1.0,0,0,0.0,1,1,0.0,0.0,0.0,0.0
192.168.0.1,192.168.0.100,53,56754,UDP,0.17777681350708008,0.08888840675354004,0.08888840675354004,1.0,0,0,0.0,1,1,0.0,0.0,0.0,0.0
133.237.108.90,192.168.0.100,443,40276,TCP,40.13096380233765,2.0065481901168822,6.815708822602854,3.3967331839689514,1877,5137,2.7368140649973363,9,11,3.584614541795519,8.59582800434848,0.42857142857142855,1.0
192.168.0.1,192.168.0.100,53,42004,UDP,0.4080626964569092,0.2040313482284546,0.2040313482284546,1.0,0,0,0.0,1,1,0.0,0.0,0.0,0.0
192.168.0.1,192.168.0.100,53,38019,UDP,0.007337093353271484,0.003668546676635742,0.003668546676635742,1.0,0,0,0.0,1,1,0.0,0.0,0.0,0.0
192.168.0.1,192.168.0.100,53,33633,UDP,0.17941522598266602,0.08970761299133301,0.08970761299133301,1.0,0,0,0.0,1,1,0.0,0.0,0.0,0.0
133.237.108.90,192.168.0.100,443,40284,TCP,39.68281102180481,1.1337946006229946,5.1924670652289295,4.579724636522158,3749,14579,3.888770338757002,17,18,1.9269586503505707,6.425979651035908,0.5909090909090909,0.9230769230769231
133.237.113.81,192.168.0.100,443,55804,TCP,20.198553800582886,0.4590580409223383,1.7924848810370673,3.9047020665090866,4664,7052,1.512006861063465,22,22,0.8700202192578997,2.410447010012193,0.76,1.0
192.168.0.1,192.168.0.100,53,46205,UDP,0.015563011169433594,0.007781505584716797,0.007781505584716797,1.0,0,0,0.0,1,1,0.0,0.0,0.0,0.0
192.168.0.1,192.168.0.100,53,60084,UDP,0.015841960906982422,0.007920980453491211,0.007920980453491211,1.0,0,0,0.0,1,1,0.0,0.0,0.0,0.0
192.168.0.1,192.168.0.100,53,48922,UDP,0.006838798522949219,0.0034193992614746094,0.0034193992614746094,1.0,0,0,0.0,1,1,0.0,0.0,0.0,0.0
192.168.0.1,192.168.0.100,53,39280,UDP,0.37961530685424805,0.18980765342712402,0.18980765342712402,1.0,0,0,0.0,1,1,0.0,0.0,0.0,0.0
192.168.0.1,192.168.0.100,53,52991,UDP,0.43067169189453125,0.21533584594726562,0.21533584594726562,1.0,0,0,0.0,1,1,0.0,0.0,0.0,0.0
124.41.244.101,192.168.0.100,443,57898,TCP,36.61922764778137,0.021849181174093898,0.7466160791413538,34.17135283891555,10160,1336787,131.57352362204725,903,773,0.04161751549523156,1.0308635542410984,0.21361332367849384,0.9593220338983051
192.168.0.1,192.168.0.100,53,55350,UDP,0.0062181949615478516,0.0031090974807739258,0.0031090974807739258,1.0,0,0,0.0,1,1,0.0,0.0,0.0,0.0
192.168.0.1,192.168.0.100,53,39052,UDP,0.006962299346923828,0.003481149673461914,0.003481149673461914,1.0,0,0,0.0,1,1,0.0,0.0,0.0,0.0
192.168.0.1,192.168.0.100,53,57719,UDP,0.713536262512207,0.3567681312561035,0.3567681312561035,1.0,0,0,0.0,1,1,0.0,0.0,0.0,0.0
192.168.0.1,192.168.0.100,53,36800,UDP,0.010686635971069336,0.005343317985534668,0.005343317985534668,1.0,0,0,0.0,1,1,0.0,0.0,0.0,0.0
192.168.0.1,192.168.0.100,53,60362,UDP,0.11191272735595703,0.055956363677978516,0.055956363677978516,1.0,0,0,0.0,1,1,0.0,0.0,0.0,0.0
192.168.0.1,192.168.0.100,53,34632,UDP,0.006318569183349609,0.0031592845916748047,0.0031592845916748047,1.0,0,0,0.0,1,1,0.0,0.0,0.0,0.0
192.168.0.1,192.168.0.100,53,33963,UDP,0.007218360900878906,0.003609180450439453,0.003609180450439453,1.0,0,0,0.0,1,1,0.0,0.0,0.0,0.0
192.168.0.1,192.168.0.100,53,60363,UDP,0.007788419723510742,0.003894209861755371,0.003894209861755371,1.0,0,0,0.0,1,1,0.0,0.0,0.0,0.0
124.41.244.202,192.168.0.100,443,38376,TCP,32.99260711669922,0.40234886727681973,1.9247110968769097,4.783687126805531,3094,14354,4.639301874595993,40,42,0.8144771248102188,2.6869440469978785,0.7446808510638298,0.9714285714285714
124.41.244.202,192.168.0.100,443,47792,UDP,32.675851345062256,0.039226712298994305,0.6222051233563993,15.861770892595336,17741,588668,33.181218646074065,560,273,0.07643564170217279,0.8845388940692294,0.0,0.0
124.41.244.202,192.168.0.100,443,51468,UDP,32.413366079330444,0.3086987245650519,1.7387635327507838,5.632558201206223,4850,22615,4.662886597938145,59,46,0.5984728128007315,2.4328825056790313,0.0,0.0
133.237.69.56,192.168.0.100,443,39682,TCP,32.66192579269409,0.20542091693518297,1.0853938369349339,5.283755194595939,41607,23411,0.5626697430720792,68,91,0.39385006382207205,1.503554876406183,1.12,1.0
192.168.0.1,192.168.0.100,53,48254,UDP,0.0051038265228271484,0.0025519132614135742,0.0025519132614135742,1.0,0,0,0.0,1,1,0.0,0.0,0.0,0.0
192.168.0.1,192.168.0.100,53,60932,UDP,0.01572394371032715,0.007861971855163574,0.007861971855163574,1.0,0,0,0.0,1,1,0.0,0.0,0.0,0.0
192.168.0.1,192.168.0.100,53,41595,UDP,0.00896000862121582,0.00448000431060791,0.00448000431060791,1.0,0,0,0.0,1,1,0.0,0.0,0.0,0.0
192.168.0.1,192.168.0.100,53,59637,UDP,0.019624710083007812,0.009812355041503906,0.009812355041503906,1.0,0,0,0.0,1,1,0.0,0.0,0.0,0.0
192.168.0.1,192.168.0.100,53,34925,UDP,0.020029067993164062,0.010014533996582031,0.010014533996582031,1.0,0,0,0.0,1,1,0.0,0.0,0.0,0.0
192.168.0.1,192.168.0.100,53,45844,UDP,0.01289057731628418,0.00644528865814209,0.00644528865814209,1.0,0,0,0.0,1,1,0.0,0.0,0.0,0.0
192.168.0.1,192.168.0.100,53,33941,UDP,0.005995988845825195,0.0029979944229125977,0.0029979944229125977,1.0,0,0,0.0,1,1,0.0,0.0,0.0,0.0
192.168.0.1,192.168.0.100,53,41865,UDP,0.015748023986816406,0.007874011993408203,0.007874011993408203,1.0,0,0,0.0,1,1,0.0,0.0,0.0,0.0
192.168.0.1,192.168.0.100,53,35765,UDP,0.007878780364990234,0.003939390182495117,0.003939390182495117,1.0,0,0,0.0,1,1,0.0,0.0,0.0,0.0
124.41.245.151,192.168.0.100,443,35434,TCP,26.515145540237427,0.4346745170530726,2.7605625199641985,6.350872691317999,2694,31101,11.544543429844097,31,30,0.8934494034718659,3.908238892423163,0.38636363636363635,1.0
192.168.0.1,192.168.0.100,53,48842,UDP,0.014166116714477539,0.0070830583572387695,0.0070830583572387695,1.0,0,0,0.0,1,1,0.0,0.0,0.0,0.0
192.168.0.1,192.168.0.100,53,35277,UDP,0.21541523933410645,0.10770761966705322,0.10770761966705322,1.0,0,0,0.0,1,1,0.0,0.0,0.0,0.0
192.168.0.100,23.217.152.27,443,38362,TCP,26.300675868988037,0.2711409883400829,1.8826960080121582,6.9436053159574564,2914,45517,15.620109814687714,51,46,0.5555888439746614,2.668408903874369,0.3108108108108108,1.0
192.168.0.1,192.168.0.100,53,45414,UDP,0.010548591613769531,0.005274295806884766,0.005274295806884766,1.0,0,0,0.0,1,1,0.0,0.0,0.0,0.0
192.168.0.1,192.168.0.100,53,59665,UDP,0.012017488479614258,0.006008744239807129,0.006008744239807129,1.0,0,0,0.0,1,1,0.0,0.0,0.0,0.0
192.168.0.1,192.168.0.100,53,59149,UDP,0.0124969482421875,0.00624847412109375,0.00624847412109375,1.0,0,0,0.0,1,1,0.0,0.0,0.0,0.0
192.168.0.1,192.168.0.100,53,36321,UDP,0.012755393981933594,0.006377696990966797,0.006377696990966797,1.0,0,0,0.0,1,1,0.0,0.0,0.0,0.0
192.168.0.1,192.168.0.100,53,53031,UDP,0.42992281913757324,0.21496140956878662,0.21496140956878662,1.0,0,0,0.0,1,1,0.0,0.0,0.0,0.0
192.168.0.1,192.168.0.100,53,45645,UDP,0.2702820301055908,0.1351410150527954,0.1351410150527954,1.0,0,0,0.0,1,1,0.0,0.0,0.0,0.0
133.237.69.163,192.168.0.100,443,33098,TCP,26.25477623939514,0.3281847029924393,2.1411033715507664,6.524080348742193,4497,28281,6.288859239492996,39,41,0.6453860509089935,3.0107794595114354,0.6,1.0
133.237.69.163,192.168.0.100,443,33100,TCP,0.47241830825805664,0.02778931225047392,0.05628107415928791,2.0252776913659707,1847,4365,2.3632918245804007,8,9,0.03967367808024089,0.06004353594759373,0.13333333333333333,1.0
133.237.69.163,192.168.0.100,443,33114,TCP,0.5445361137390137,0.03889543669564383,0.06705244521129562,1.7239154746090122,1783,4365,2.4481211441390913,6,8,0.05191872517267863,0.0677986199806818,0.16666666666666666,1.0
133.237.69.163,192.168.0.100,443,33126,TCP,0.4748823642730713,0.03392016887664795,0.060537453905784196,1.7847037886494925,1847,4365,2.3632918245804007,6,8,0.04859169324239095,0.06267335232773191,0.16666666666666666,1.0
133.237.69.163,192.168.0.100,443,33136,TCP,0.4115304946899414,0.1371768315633138,0.1938966976731376,1.413479925607152,0,0,0.0,1,2,0.0001423358917236328,0.0,0.0,0.0
133.237.128.11,192.168.0.100,443,46624,TCP,26.24903655052185,0.8202823922038078,4.417453299012381,5.385283581602003,3572,5353,1.4986002239641658,15,17,1.7100089550018311,6.257101467184653,0.45454545454545453,1.0
192.168.0.100,193.110.128.197,443,38464,TCP,0.6995816230773926,0.043723851442337036,0.08966444229868523,2.050698631087762,1772,3487,1.9678329571106095,7,9,0.0820326634815761,0.10801338008580601,0.23076923076923078,1.0
192.168.0.1,192.168.0.100,53,56902,UDP,0.0057332515716552734,0.0028666257858276367,0.0028666257858276367,1.0,0,0,0.0,1,1,0.0,0.0,0.0,0.0
192.168.0.1,192.168.0.100,53,49488,UDP,0.007620573043823242,0.003810286521911621,0.003810286521911621,1.0,0,0,0.0,1,1,0.0,0.0,0.0,0.0
151.101.154.63,192.168.0.100,443,44752,TCP,25.294522762298584,0.00969510263024093,0.26590916745165233,27.427163754020448,3808,2551169,669.9498424369748,1485,1124,0.01881155694071846,0.37582900944590925,0.03737574552683896,0.8297872340425532
151.101.154.63,192.168.0.100,443,44764,TCP,0.04363226890563965,0.014544089635213217,0.02048151929875751,1.4082365973026574,0,0,0.0,1,2,0.00012302398681640625,0.0,0.0,0.0
192.168.0.100,193.110.128.197,443,38478,TCP,0.7580180168151855,0.04458929510677562,0.09574896098202734,2.1473530979295004,1772,3487,1.9678329571106095,8,9,0.08340098063151041,0.11741516084998309,0.21428571428571427,1.0
124.41.244.202,192.168.0.100,443,57110,TCP,1.2820334434509277,0.047482720127812135,0.1595677146340374,3.36054282914962,10008,2378,0.23760991207034374,13,14,0.08696839332580567,0.20629076109630104,0.5882352941176471,1.0
192.168.0.1,192.168.0.100,53,40211,UDP,0.006702899932861328,0.003351449966430664,0.003351449966430664,1.0,0,0,0.0,1,1,0.0,0.0,0.0,0.0
192.168.0.1,192.168.0.100,53,49963,UDP,0.007831335067749023,0.003915667533874512,0.003915667533874512,1.0,0,0,0.0,1,1,0.0,0.0,0.0,0.0
192.168.0.1,192.168.0.100,53,48868,UDP,0.008105278015136719,0.004052639007568359,0.004052639007568359,1.0,0,0,0.0,1,1,0.0,0.0,0.0,0.0
133.237.72.3,192.168.0.100,443,42298,TCP,0.6890685558319092,0.03626676609641627,0.06976086852843937,1.9235480865037162,4077,495,0.12141280353200883,10,9,0.06079304919523351,0.08212194307258495,0.35714285714285715,1.0
192.168.0.1,192.168.0.100,53,45726,UDP,0.004525184631347656,0.002262592315673828,0.002262592315673828,1.0,0,0,0.0,1,1,0.0,0.0,0.0,0.0
192.168.0.1,192.168.0.100,53,52479,UDP,0.015966415405273438,0.007983207702636719,0.007983207702636719,1.0,0,0,0.0,1,1,0.0,0.0,0.0,0.0
124.41.244.202,192.168.0.100,443,57112,TCP,23.823793411254883,0.5810681319818264,2.426758533550194,4.17637519592297,9635,8442,0.87618059159315,20,21,1.0503072432982616,3.191913595626993,0.41379310344827586,1.0
192.168.0.1,192.168.0.100,53,47981,UDP,0.008234024047851562,0.004117012023925781,0.004117012023925781,1.0,0,0,0.0,1,1,0.0,0.0,0.0,0.0
124.41.244.202,192.168.0.100,443,57118,TCP,23.766398429870605,0.10802908377213911,0.5505520859868355,5.096332087274666,28520,21855,0.7663043478260869,116,104,0.20945064080964534,0.7619348131985716,0.9819819819819819,1.0
192.168.0.100,193.110.128.197,443,54788,TCP,0.7291429042816162,0.04557143151760101,0.09395505513620049,2.0617095405465222,1740,3487,2.004022988505747,8,8,0.08571880204336983,0.11447726478684002,0.23076923076923078,1.0
192.168.0.100,193.110.128.197,443,54790,TCP,0.7316129207611084,0.045725807547569275,0.0927318656556053,2.0279984242844677,1740,3487,2.004022988505747,7,9,0.06815052032470703,0.10448987393548337,0.23076923076923078,1.0
192.168.0.1,192.168.0.100,53,36872,UDP,0.00613713264465332,0.00306856632232666,0.00306856632232666,1.0,0,0,0.0,1,1,0.0,0.0,0.0,0.0
192.168.0.1,192.168.0.100,53,45174,UDP,0.013377189636230469,0.006688594818115234,0.006688594818115234,1.0,0,0,0.0,1,1,0.0,0.0,0.0,0.0
192.168.0.1,192.168.0.100,53,37787,UDP,0.019620418548583984,0.009810209274291992,0.009810209274291992,1.0,0,0,0.0,1,1,0.0,0.0,0.0,0.0
192.168.0.1,192.168.0.100,53,45804,UDP,0.009466171264648438,0.004733085632324219,0.004733085632324219,1.0,0,0,0.0,1,1,0.0,0.0,0.0,0.0
192.168.0.1,192.168.0.100,53,49335,UDP,0.006932258605957031,0.0034661293029785156,0.0034661293029785156,1.0,0,0,0.0,1,1,0.0,0.0,0.0,0.0
192.168.0.1,192.168.0.100,53,38647,UDP,0.007309675216674805,0.0036548376083374023,0.0036548376083374023,1.0,0,0,0.0,1,1,0.0,0.0,0.0,0.0
192.168.0.1,192.168.0.100,53,53816,UDP,0.3612661361694336,0.1806330680847168,0.1806330680847168,1.0,0,0,0.0,1,1,0.0,0.0,0.0,0.0
133.237.69.217,192.168.0.100,443,57510,TCP,22.842823266983032,0.585713417102129,1.9531500353299907,3.334651347058738,5034,8657,1.7197059992054033,18,21,1.14544271778416,2.583110586921593,0.6956521739130435,1.0
192.168.0.100,193.110.128.197,443,54794,TCP,0.8344767093658447,0.05563178062438965,0.11078653789189012,1.9914253444427763,1772,3487,1.9678329571106095,6,9,0.08514508834251991,0.1269769765064643,0.25,1.0
192.168.0.1,192.168.0.100,53,43822,UDP,0.013684272766113281,0.006842136383056641,0.006842136383056641,1.0,0,0,0.0,1,1,0.0,0.0,0.0,0.0
192.168.0.1,192.168.0.100,53,33506,UDP,0.012006521224975586,0.006003260612487793,0.006003260612487793,1.0,0,0,0.0,1,1,0.0,0.0,0.0,0.0
192.168.0.1,192.168.0.100,53,35389,UDP,0.01016998291015625,0.005084991455078125,0.005084991455078125,1.0,0,0,0.0,1,1,0.0,0.0,0.0,0.0
108.138.233.128,192.168.0.100,443,58200,TCP,21.036680936813354,0.6187259099062752,3.395111380998863,5.487262334808568,2439,8129,3.3329233292332923,16,18,1.2734653651714325,4.7828590131818896,0.4782608695652174,1.0
192.168.0.1,192.168.0.100,53,38705,UDP,0.007054805755615234,0.003527402877807617,0.003527402877807617,1.0,0,0,0.0,1,1,0.0,0.0,0.0,0.0
192.168.0.100,193.110.128.197,443,54800,TCP,0.6904819011688232,0.04315511882305145,0.08895243753141764,2.061225642690234,1740,3487,2.004022988505747,7,9,0.06523747103554862,0.10258120405286351,0.23076923076923078,1.0
192.168.0.1,192.168.0.100,53,44042,UDP,0.13265275955200195,0.06632637977600098,0.06632637977600098,1.0,0,0,0.0,1,1,0.0,0.0,0.0,0.0
192.168.0.100,54.192.137.75,443,59252,TCP,20.796151161193848,0.39238021058856315,2.62057956400285,6.678674136170192,2551,15275,5.987847902783222,29,24,0.7863833623773911,3.671334497877194,0.5588235294117647,1.0
192.168.0.100,193.110.128.197,443,54810,TCP,0.7410123348236084,0.0529294524874006,0.10038493856705998,1.896579954061602,1804,3487,1.9329268292682926,6,8,0.08170761664708455,0.11470790031037567,0.2727272727272727,1.0
192.168.0.100,193.110.128.197,443,54826,TCP,0.8292446136474609,0.05182778835296631,0.10679097975340586,2.060496562695672,1740,3487,2.004022988505747,7,9,0.0784855740410941,0.12340974232347435,0.23076923076923078,1.0
192.168.0.1,192.168.0.100,53,57948,UDP,0.006858348846435547,0.0034291744232177734,0.0034291744232177734,1.0,0,0,0.0,1,1,0.0,0.0,0.0,0.0
192.168.0.1,192.168.0.100,53,41286,UDP,0.007063388824462891,0.0035316944122314453,0.0035316944122314453,1.0,0,0,0.0,1,1,0.0,0.0,0.0,0.0
192.168.0.1,192.168.0.100,53,57150,UDP,0.17142796516418457,0.08571398258209229,0.08571398258209229,1.0,0,0,0.0,1,1,0.0,0.0,0.0,0.0
18.164.202.111,192.168.0.100,443,51824,TCP,18.913071870803833,0.11895013755222536,1.3521928390230291,11.367728250245573,3655,98727,27.011491108071134,84,75,0.235679227075759,1.9024564481980901,0.07432432432432433,1.0
192.168.0.100,193.110.128.197,443,54832,TCP,0.6679971218109131,0.04453314145406087,0.08653908820651376,1.9432513714709536,1772,3487,1.9678329571106095,7,8,0.08187310512249286,0.10315084463689778,0.25,1.0
192.168.0.100,193.110.128.197,443,54840,TCP,1.1259849071502686,0.06255471706390381,0.11839170137020849,1.8926102926700714,1772,3487,1.9678329571106095,9,9,0.10596318542957306,0.1400961238543542,0.2,1.0
192.168.0.100,193.110.128.197,443,54852,TCP,5.080351114273071,0.23092505064877597,0.5072076929035325,2.196416939082832,2125,3487,1.6409411764705881,10,12,0.3251038670539856,0.5110658993931507,0.15789473684210525,1.0
192.168.0.100,193.110.128.197,443,54868,TCP,0.6841700077056885,0.04276062548160553,0.08842954059140588,2.0680132620942575,1772,3487,1.9678329571106095,8,8,0.08092197350093297,0.1083350762266632,0.23076923076923078,1.0
192.168.0.100,193.110.128.197,443,48184,TCP,1.0536401271820068,0.07024267514546713,0.14049346526068876,2.0001155276295743,1804,3487,1.9329268292682926,6,9,0.10618431751544659,0.1592681755609066,0.25,1.0
192.168.0.100,193.110.128.197,443,48200,TCP,0.7346210479736328,0.04591381549835205,0.09014570047887553,1.9633676596124114,1804,3487,1.9329268292682926,7,9,0.08122694492340088,0.1042444755836775,0.23076923076923078,1.0
192.168.0.100,193.110.128.197,443,48204,TCP,1.710686206817627,0.10062860040103688,0.14664033346715102,1.4572430987089435,2125,3487,1.6409411764705881,7,10,0.14877926508585612,0.15064481524341702,0.21428571428571427,1.0
192.168.0.1,192.168.0.100,53,40257,UDP,0.010704517364501953,0.0053522586822509766,0.0053522586822509766,1.0,0,0,0.0,1,1,0.0,0.0,0.0,0.0
192.168.0.1,192.168.0.100,53,47843,UDP,0.2605295181274414,0.1302647590637207,0.1302647590637207,1.0,0,0,0.0,1,1,0.0,0.0,0.0,0.0
18.164.188.90,192.168.0.100,443,59624,TCP,10.902371168136597,0.5451185584068299,2.062265279340101,3.783150009361821,1819,3682,2.0241891148982956,9,11,1.1403783559799194,2.833941839141386,0.3333333333333333,1.0
18.164.188.90,192.168.0.100,443,59632,TCP,10.459121465682983,0.07923576867941654,0.7921033698008592,9.99679037639762,2500,80688,32.2752,65,67,0.15704843609832053,1.1094845426529023,0.07317073170731707,1.0
192.168.0.100,193.110.128.197,443,48210,TCP,0.766608715057373,0.047913044691085815,0.09971262620007741,2.0811164651080682,1836,3487,1.8992374727668846,7,9,0.07414705412728446,0.11751783613012355,0.23076923076923078,1.0
133.237.72.3,192.168.0.100,443,59426,TCP,0.7188584804534912,0.042285792967852426,0.0752939568221516,1.7805970170499932,4011,495,0.12341062079281974,9,8,0.07118277549743653,0.08645915605534851,0.4166666666666667,1.0
192.168.0.100,34.160.248.52,443,59669,UDP,7.1508448123931885,0.595903734366099,1.9601403315433321,3.2893573550574557,287,5022,17.498257839721255,8,4,0.7127483367919922,2.111878122114342,0.0,0.0
192.168.0.100,34.110.149.178,443,53362,UDP,6.913967132568359,0.49385479518345426,1.7558827875566125,3.555463680178194,2788,5025,1.802367288378766,8,6,0.5750382741292318,1.865169390182971,0.0,0.0
192.168.0.1,192.168.0.100,53,46321,UDP,0.01671910285949707,0.008359551429748535,0.008359551429748535,1.0,0,0,0.0,1,1,0.0,0.0,0.0,0.0
192.168.0.1,192.168.0.100,53,53259,UDP,0.36259984970092773,0.18129992485046387,0.18129992485046387,1.0,0,0,0.0,1,1,0.0,0.0,0.0,0.0
133.237.63.57,192.168.0.100,443,45752,TCP,5.281104803085327,0.19559647418834544,0.7951036889911905,4.065020559754888,8699,4691,0.539257385906426,13,14,0.3904077434539795,1.0708108694791207,0.35,1.0
192.168.0.1,192.168.0.100,53,54994,UDP,0.0015406608581542969,0.0007703304290771484,0.0007703304290771484,1.0,0,0,0.0,1,1,0.0,0.0,0.0,0.0
192.168.0.1,192.168.0.100,53,54429,UDP,0.008495569229125977,0.004247784614562988,0.004247784614562988,1.0,0,0,0.0,1,1,0.0,0.0,0.0,0.0
142.250.194.14,192.168.0.100,443,60598,TCP,5.085269927978516,0.12107785542805989,0.6943038663557861,5.734358804928755,2413,9680,4.01160381268131,21,21,0.24340680241584778,0.9764207656840017,0.4482758620689655,1.0
192.168.0.1,192.168.0.100,53,52392,UDP,0.05692005157470703,0.028460025787353516,0.028460025787353516,1.0,0,0,0.0,1,1,0.0,0.0,0.0,0.0
192.168.0.1,192.168.0.100,53,42220,UDP,0.057386159896850586,0.028693079948425293,0.028693079948425293,1.0,0,0,0.0,1,1,0.0,0.0,0.0,0.0
192.168.0.1,192.168.0.100,53,42446,UDP,0.011589765548706055,0.005794882774353027,0.005794882774353027,1.0,0,0,0.0,1,1,0.0,0.0,0.0,0.0
